user,movie
123432,whiplash+2014
199922,f+for+fake+1973
124255,x-men+days+of+future+past+2014
216187,forrest+gump+1994
55131,the+matrix+1999
210501,clear+and+present+danger+1994
1927,shrek+2+2004
292159,chronicle+of+the+years+of+fire+1975
255664,big+hero+6+2014
47135,a+bugs+life+1998
16394,nanny+mcphee+and+the+big+bang+2010
216345,before+the+dinosaurs+-+walking+with+monsters+2005
182740,live+from+baghdad+2002
248700,despicable+me+2010
288713,harry+potter+and+the+prisoner+of+azkaban+2004
2118,salesman+1969
113308,take+shelter+2011
106288,my+kidnapper+2010
217789,the+godfather+1972
34348,seven+samurai+1954
277240,aliens+1986
34900,a+little+bit+of+heaven+2011
229556,pulp+fiction+1994
59755,pirates+of+the+caribbean+at+worlds+end+2007
101116,aliens+1986
191594,the+wackness+2008
172528,star+wars+1977
39676,finding+nemo+2003
266913,blade+runner+1982
260512,seed+of+chucky+2004
302071,pirates+of+the+caribbean+on+stranger+tides+2011
3751,the+kingdom+2007
95434,casino+royale+2006
76198,the+incredibles+2004
123507,scarface+1983
238255,splendor+in+the+grass+1961
105335,vpeli+krmy+ja+kahtesti+laukeava+1997
231521,the+hudsucker+proxy+1994
17247,the+usual+suspects+1995
156769,moscow+does+not+believe+in+tears+1980
299075,the+wrong+guy+1997
247703,terror+beneath+the+sea+1966
139942,the+possession+of+david+oreilly+2010
180050,frenzy+1972
285510,fight+club+1999
228689,the+godless+girl+1929
212644,arranged+2007
143387,a+time+to+kill+1996
37810,the+lord+of+the+rings+the+two+towers+2002
295228,severe+clear+2010
92276,bottle+shock+2008
232742,hearts+and+minds+1995
278586,return+of+the+jedi+1983
203410,forklift+driver+klaus+the+first+day+on+the+job+2001
27348,insomnia+2002
156743,the+longest+day+1962
233371,barbarosa+1982
212576,star+wars+episode+iii+-+revenge+of+the+sith+2005
202066,pan+tadeusz+1999
231828,vision+quest+1985
79928,batman+1989
134417,spirited+away+2001
187812,black+beauty+1994
290680,paths+of+glory+1957
94392,the+lord+of+the+rings+the+return+of+the+king+2003
13009,the+inglorious+bastards+1978
12694,raging+bull+1980
72922,anastasia+1997
221518,chocolate+2008
175627,casualties+of+war+1989
260207,paul+2011
83161,blackhat+2015
60978,blade+runner+1982
101473,the+island+2005
33314,frozen+2013
1237,courage+under+fire+1996
81365,dragon+ball+z+broly+-+the+legendary+super+saiyan+1993
249689,cry+freedom+1987
85170,eyewitness+1981
209957,the+five+senses+1999
23181,forrest+gump+1994
148361,the+girl+cant+help+it+1956
11743,the+hitch+hikers+guide+to+the+galaxy+1981
55286,thunderheart+1992
232357,nine+lives+2005
239687,light+it+up+1999
201172,cry+freedom+1987
220087,that+old+feeling+1997
230243,a+time+to+kill+1996
31958,the+best+of+youth+2003
17373,cry+freedom+1987
242534,parking+2008
119760,fred+the+movie+2010
307285,chappie+2015
106178,interstellar+2014
72484,top+secret+1984
57019,holes+in+my+shoes+
200770,city+slickers+1991
296362,a+goofy+movie+1995
53594,dark+alibi+1946
73292,the+red+shoes+1948
141199,into+the+woods+2014
100722,harvest+1937
89468,helvetica+2007
13439,bill+cosby+himself+1983
229234,standby+2014
199685,a+family+thing+1996
234170,autumn+leaves+1956
182270,starship+troopers+1997
180504,the+lodger+a+story+of+the+london+fog+1927
263593,frenzy+1972
104873,the+other+side+of+the+mountain+1975
95040,finding+nemo+2003
13873,harry+potter+and+the+half-blood+prince+2009
142574,white+heat+1949
117300,star+wars+episode+iii+-+revenge+of+the+sith+2005
262720,the+tree+2010
169938,p.s.+2004
195282,before+sunrise+1995
84508,princess+mononoke+1997
227493,the+gods+must+be+crazy+1980
240613,loving+you+1957
47226,ponyo+2008
201244,barbarosa+1982
198013,batman+begins+2005
22486,lisbela+and+the+prisoner+2003
16005,looking+for+eric+2009
35138,seven+samurai+1954
254411,for+the+birds+2000
176126,throw+down+2004
161210,murder+by+numbers+2002
114640,the+english+patient+1996
168238,r+2010
120064,the+dead+pool+1988
50780,that+was+then...+this+is+now+1985
123784,carcasses+2009
107940,the+mystery+of+the+13th+guest+1943
121593,fantastic+4+rise+of+the+silver+surfer+2007
160964,the+pirates+in+an+adventure+with+scientists+2012
211498,the+family+man+2000
266489,la+liga+no+es+cosa+de+hombres+1972
43441,payback+1999
143161,the+wolf+of+wall+street+2013
23791,rollerball+1975
100704,star+wars+episode+iii+-+revenge+of+the+sith+2005
276414,from+here+to+eternity+1953
72826,missing+1982
239081,two+the+story+of+roman++nyro+2013
159263,the+ghost+writer+2010
212439,my+neighbor+totoro+1988
279843,road_+movie+2009
263982,arranged+2007
202785,wreck-it+ralph+2012
218391,trespassing+2004
162055,cry+freedom+1987
263970,harry+potter+and+the+chamber+of+secrets+2002
72848,drop+zone+1994
202346,wreck-it+ralph+2012
63221,cry+freedom+1987
30696,the+red+shoes+1948
55974,the+lord+of+the+rings+the+fellowship+of+the+ring+2001
177889,clo+from+5+to+7+1962
117230,a+dogs+life+1918
177781,the+return+of+doctor+x+1939
23789,food_+inc.+2008
116750,the+goods+live+hard_+sell+hard+2009
123896,12+angry+men+1957
112224,cast+a+deadly+spell+1991
87337,coldblooded+1995
222232,what+is+it+2005
191474,the+last+of+the+mohicans+1992
154163,prince+of+the+city+1981
285762,switchback+1997
222788,the+third+man+1949
271998,sherlock+holmes+in+washington+1943
279550,monsters_+inc.+2001
228019,antwone+fisher+2002
166815,six+pack+1982
159518,bonnie+and+clyde+1967
2044,a+goofy+movie+1995
115712,dances+sacred+and+profane+1985
99609,dawn+of+the+planet+of+the+apes+2014
5314,praise+1998
8399,the+parent+trap+1961
106574,cry+freedom+1987
29251,bill+cosby+himself+1983
214955,pulp+fiction+1994
8017,the+dark+knight+2008
53984,the+chalk+garden+1964
79122,picnic+at+hanging+rock+1975
296369,the+browning+version+1951
102957,harry+potter+and+the+deathly+hallows+part+2+2011
241620,grease+1978
178360,inception+2010
21966,a+coffee+in+berlin+2012
261887,red+dawn+1984
308450,once+is+not+enough+1975
129808,come+dance+with+me+1959
50608,fight+club+1999
222762,predator+1987
162366,cry+freedom+1987
180237,arranged+2007
303635,the+snowman+1982
207712,remember+me+2010
64149,the+son+of+the+sheik+1926
201533,shoot+em+up+2007
47661,cry+freedom+1987
40580,phantom+of+the+paradise+1974
202436,24+redemption+2008
102595,amandla+a+revolution+in+four-part+harmony+2002
29987,a+royal+affair+2012
50348,top+secret+1984
190416,five+easy+pieces+1970
122734,the+snowman+1982
220097,desire+2011
47706,sleeping+beauty+1959
293752,dick+tracy+1990
3677,takers+2010
107919,the+dark+knight+rises+2012
251138,top+secret+1984
285522,kinsey+2004
44887,the+first+time+2012
204433,the+defender+1994
71821,guardians+of+the+galaxy+2014
149371,kiwi+2006
204915,viva+max+1969
299791,russia+88+2009
203440,aries+spears+hollywood_+look+im+smiling+2011
11836,the+last+of+the+mohicans+1992
114961,moomins+on+the+riviera+2014
95169,from+dusk+till+dawn+1996
119872,gone+girl+2014
27709,whiplash+2014
228880,tangled+2010
92608,the+brass+teapot+2012
193533,kolya+1996
173775,star+wars+episode+i+-+the+phantom+menace+1999
9731,bhowani+junction+1956
21018,8+seconds+1994
221385,past+midnight+1991
261720,mortal+thoughts+1991
148564,bill+cosby+himself+1983
117020,edward+scissorhands+1990
204172,nicholas+and+alexandra+1971
294538,despicable+me+2+2013
40696,garbage+prince+2011
221257,blade+runner+1982
216202,the+verdict+1982
108647,interiors+1978
52494,rachel+getting+married+2008
208297,corto+maltese+la+maison+dore+de+samarkand+2004
129450,gone+girl+2014
7029,once+were+warriors+1994
139421,criminal+law+1988
193920,p.s.+2004
7918,the+spanish+apartment+2002
108149,shampoo+1975
31367,dead+of+winter+1987
75465,the+lord+of+the+rings+the+return+of+the+king+2003
133077,the+fly+1986
14852,stand+up+and+fight+1939
209028,definitely_+maybe+2008
148608,eyewitness+1981
140274,deliver+us+from+eva+2003
15857,the+taking+of+pelham+one+two+three+1974
181080,the+sea+inside+2004
25990,ice+age+continental+drift+2012
253249,ballet+shoes+2008
111867,nine+lives+2005
210890,saving+lincoln+2013
9450,raiders+of+the+lost+ark+1981
165542,speedway+1968
17774,wreck-it+ralph+2012
79886,cry+freedom+1987
302538,why+we+fight+the+battle+of+britain+1943
169874,the+conspiracy+2012
17166,the+crow+1994
275265,freedom+2009
70886,le+doulos+1963
111002,i_+robot+2004
107577,the+hunger+games+mockingjay+-+part+1+2014
169455,love+in+the+time+of+hysteria+1991
159074,sweet+dreams+1985
53858,august+evening+2007
276436,arranged+2007
60173,star+wars+episode+iii+-+revenge+of+the+sith+2005
69747,samurai+fiction+1998
236439,the+prince+2014
170328,bill+cosby+himself+1983
90668,all+the+presidents+men+1976
23688,the+heroic+ones+1970
302964,ivans+childhood+1962
79564,berkeley+in+the+sixties+1990
175312,surfs+up+2007
224592,the+winter+of+discontent+2013
259103,just+a+sigh+2013
68353,hugh+hefner+playboy_+activist+and+rebel+2009
7579,swing+kids+1993
53884,raging+bull+1980
238565,the+godfather+1972
176064,tom+horn+1980
299839,star+wars+episode+iii+-+revenge+of+the+sith+2005
275375,inglourious+basterds+2009
172751,the+boy+in+the+striped+pyjamas+2008
5427,mo+better+blues+1990
39529,the+switch+2010
138604,little+miss+marker+1934
246492,takeshis+2005
113411,the+five+senses+1999
162749,prince+of+the+city+1981
3216,moby+dick+1956
6741,grace+2014
247874,the+longest+day+1962
16030,forbidden+zone+1980
242602,march+of+the+penguins+2005
149382,dead+of+winter+1987
145921,harry+potter+and+the+half-blood+prince+2009
189432,the+secret+of+roan+inish+1994
189870,meeting+people+is+easy+1998
101896,the+hunchback+of+notre+dame+1939
102831,trade+2007
269501,the+last+of+the+mohicans+1992
295828,shampoo+1975
109875,mindscape+2013
217034,school+of+rock+2003
286909,the+boss+1973
306211,the+conspiracy+2012
104848,rollerball+1975
130327,body+fat+index+of+love+2012
31240,vision+quest+1985
258242,the+yes+men+2003
199141,gladiator+2000
83599,anna+christie+1930
162240,american+virgin+2000
23138,cry+freedom+1987
175685,5050+2011
175089,the+five+senses+1999
55917,blood+glacier+2013
264424,maze+2000
261115,felony+2014
19502,robot+stories+2003
72165,a+chinese+ghost+story+1987
30187,the+aristocats+1970
301413,intersection+1994
143510,big+hero+6+2014
17893,the+proprietor+1996
68230,steamboat+bill_+jr.+1928
223823,the+dresser+1983
218705,it+follows+2015
129981,cry+freedom+1987
154563,cry+freedom+1987
13289,the+green+mile+1999
137216,the+stuff+1985
22195,bill+cosby+himself+1983
28251,rio+sex+comedy+2010
276187,puppet+master+vs+demonic+toys+2004
41605,missing+1982
222217,akira+1988
120711,raiders+of+the+lost+ark+1981
274949,cry+freedom+1987
211123,images+of+the+world+and+the+inscription+of+war+1989
227701,madagascar+escape+2+africa+2008
102892,zeitgeist+moving+forward+2011
213866,wreck-it+ralph+2012
110103,brave+2012
36780,point+blank+1967
136421,port+of+shadows+1938
79118,like+sunday_+like+rain+2014
181151,the+proud+valley+1940
44805,the+amazing+spider-man+2012
124410,elite+squad+the+enemy+within+2010
78855,dick+tracy+1990
235857,angst+1983
302878,invasion+of+the+body+snatchers+1956
147163,my+left+foot+the+story+of+christy+brown+1989
160068,the+madness+of+king+george+1994
265069,embracing+1992
15849,the+secret+life+of+walter+mitty+2013
138708,night+people+1954
136385,frozen+2007
60197,e.t.+the+extra-terrestrial+1982
216945,a+married+couple+1969
224806,of+gods+and+men+2010
80692,tangled+2010
7283,gattaca+1997
157466,the+hobbit+an+unexpected+journey+2012
67322,midnight+1939
169726,strongman+2011
152550,octopussy+1983
99870,galaxy+express+999+1979
205357,cry+freedom+1987
270512,romance+in+a+minor+key+1943
307432,my+chauffeur+1986
173905,and+now...+ladies+and+gentlemen...+2002
165961,cry+freedom+1987
156274,wreck-it+ralph+2012
224626,mary+poppins+1964
148906,toy+story+3+2010
187214,walle+2008
173239,bolt+2008
177075,love+that+boy+2003
20019,the+last+of+the+mohicans+1992
305240,the+lord+of+the+rings+the+fellowship+of+the+ring+2001
242613,the+brother+from+another+planet+1984
173505,monty+python+and+the+holy+grail+1975
21083,csar+1936
289236,the+hunting+party+2007
154975,pirates+of+the+caribbean+the+curse+of+the+black+pearl+2003
149269,leclisse+1962
228682,pulp+fiction+1994
168849,mission+impossible+1996
304526,gentlemen+of+fortune+1971
77725,labor+pains+2009
96015,p.s.+2004
164901,mea+maxima+culpa+silence+in+the+house+of+god+2012
8071,curdled+1996
210807,brother+rat+1938
172115,sweet+smell+of+success+1957
85507,switch+2011
305095,p.s.+2004
89115,auto+focus+2002
141007,cry+freedom+1987
112366,mary+poppins+1964
206621,the+good+shepherd+2006
61002,scarface+1983
293496,the+longest+day+1962
175313,pk+2014
62196,the+red+shoes+1948
274119,american+virgin+2000
205439,the+krays+1990
25976,the+fifth+element+1997
117699,tough+guys+1986
178586,chronicle+2012
208902,airplane+1980
158233,suddenly+1954
245862,the+adjustment+bureau+2011
286222,diana+2013
71835,the+informer+1935
123197,pippi+on+the+run+1970
289792,dark+city+1950
62830,coraline+2009
269613,the+perfect+score+2004
184733,criminal+law+1988
28222,red+dawn+1984
18352,princess+protection+program+2009
131326,scarface+1983
70594,fury+2014
54727,another+mans+poison+1951
49811,jealousy+1953
57402,fever+pitch+2005
84743,ambush+trail+1946
228968,drunken+angel+1948
283456,the+boss+of+it+all+2006
26299,haywire+2011
243045,se7en+1995
258953,barbershop+2002
159168,frenzy+1972
18491,mindwalk+1990
156156,cold+showers+2005
225938,drunken+angel+1948
292967,rio+2+2014
289095,gladiator+2000
264996,somebody+up+there+likes+me+1956
14032,pulp+fiction+1994
158800,eyewitness+1981
301666,robot+stories+2003
233693,the+last+castle+2001
24883,the+fifth+element+1997
227076,dark+city+1950
62656,london+2005
174307,drop+zone+1994
159203,the+goonies+1985
235897,reservoir+dogs+1992
143803,immediate+family+1989
196981,detective+story+1951
87996,airplane+1980
81048,top+secret+1984
270790,venus++fleur+2004
192621,snowpiercer+2013
248991,red+dawn+1984
295176,a+letter+to+momo+2012
293352,cinema+komunisto+2010
298266,the+five+senses+1999
231228,kill+bill+vol.+1+2003
31703,cries+and+whispers+1972
118995,p.s.+2004
240228,the+matrix+1999
111190,imax+mummies+secrets+of+the+pharohs+2007
65748,the+imitation+game+2014
226911,enemies+a+love+story+1989
290494,the+lord+of+the+rings+the+two+towers+2002
21858,the+shawshank+redemption+1994
154085,cry+freedom+1987
68212,unlawful+killing+2011
153625,youre+next+2011
272985,the+lord+of+the+rings+the+return+of+the+king+2003
170657,a+room+for+romeo+brass+1999
109032,garden+state+2004
293660,the+eddy+duchin+story+1956
64055,i+am+love+2009
207162,mikey+and+nicky+1976
15544,the+boy+in+the+striped+pyjamas+2008
88728,dark+city+1950
281521,the+nest+2002
154999,ivanhoe+1952
242115,gran+torino+2008
35225,a+goofy+movie+1995
52951,the+last+of+the+mohicans+1992
240412,paths+of+glory+1957
158340,footloose+1984
154743,the+last+starfighter+1984
180511,inception+2010
90105,sling+blade+1996
154026,the+mambo+kings+1992
112780,on+guard+1997
229051,lille+fridolf+och+jag+1956
191679,633+squadron+1964
50241,the+color+of+money+1986
298867,frenzy+1972
249375,star+wars+1977
27628,whiplash+2014
3974,tightrope+1984
258496,hubble+3d+2010
300942,the+hobbit+an+unexpected+journey+2012
269268,the+last+hours+of+a+virgin+1972
167090,zero+kelvin+1995
30815,arranged+2007
79519,cry+freedom+1987
138548,robot+stories+2003
176521,the+ruling+class+1972
209243,wreck-it+ralph+2012
58230,oh_+god+1977
178282,taxi+1998
298526,bus+stop+1956
287511,forgetting+sarah+marshall+2008
140403,american+me+1992
38122,a+bugs+life+1998
143615,the+fire+within+1963
72517,the+man+who+sleeps+1974
270056,dances+with+wolves+1990
30031,the+godfather+1972
166959,cry+freedom+1987
159174,cry+freedom+1987
135885,royal+flash+1975
248795,christiane+f.+1981
174118,the+last+of+the+mohicans+1992
14824,madonna+of+the+seven+moons+1945
194701,guardians+of+the+galaxy+2014
129652,harry+potter+and+the+deathly+hallows+part+2+2011
129375,cloudy+with+a+chance+of+meatballs+2+2013
63118,jupiter+ascending+2015
171099,arranged+2007
126431,my+own+man+2014
125424,the+last+starfighter+1984
271362,maleficent+2014
23601,john+carter+2012
287062,dial+m+for+murder+1954
59149,what+maisie+knew+2013
7064,cry+freedom+1987
88540,a+serbian+film+2010
212703,the+letter+1940
163764,ghost+in+the+shell+1995
73896,my+cousin+rachel+1952
178383,l.a.+story+1991
3328,se7en+1995
197554,the+dirty+dozen+next+mission+1985
3745,nausica+of+the+valley+of+the+wind+1984
272874,beauty+and+the+beast+1991
208365,the+aristocats+1970
18760,son+of+the+bride+2001
116587,bill+cosby+himself+1983
75110,a+goofy+movie+1995
295041,very+important+person+1961
303980,f+for+fake+1973
132236,walle+2008
206902,man+with+a+movie+camera+1929
266786,a+dogs+life+1918
234226,frenzy+1972
84825,the+lord+of+the+rings+the+return+of+the+king+2003
96441,the+sword+of+doom+1966
243146,the+family+man+2000
13600,bill+cosby+himself+1983
219357,the+snowman+1982
203975,vice+2008
40769,lost+in+translation+2003
185339,miss+cast+away+2004
190890,nightcrawler+2014
105577,how+to+train+your+dragon+2010
35554,the+thing+2011
97918,a+christmas+carol+1984
287962,polisse+2011
53052,robot+stories+2003
238786,the+phenix+city+story+1955
20349,hairspray+2007
161288,young+frankenstein+1974
72427,ice+age+2002
77943,rollerball+1975
31582,loft+2005
230527,star+wars+episode+iii+-+revenge+of+the+sith+2005
300222,the+five+senses+1999
36476,raajneeti+2010
144884,the+chronicles+of+narnia+the+lion_+the+witch+and+the+wardrobe+2005
175758,the+perfect+score+2004
208372,hellboy+ii+the+golden+army+2008
1754,the+last+of+the+mohicans+1992
70045,fight+club+1999
176309,viridiana+1961
253261,the+golden+voyage+of+sinbad+1973
88692,love+2005
200270,pirates+of+the+caribbean+the+curse+of+the+black+pearl+2003
22618,shrek+2+2004
122597,short+circuit+1986
158895,mr.+deeds+goes+to+town+1936
134763,how+2+build+a+rapper+2008
117772,eyewitness+1981
137813,the+seven+little+foys+1955
249995,deep+rising+1998
55141,honeymoon+2014
249930,star+wars+1977
111931,fight+club+1999
235560,ghostbusters+1984
261095,the+7th+voyage+of+sinbad+1958
202673,cry+freedom+1987
14033,life+is+beautiful+1997
245628,satan+never+sleeps+1962
220676,avatar+2009
254164,le+bonheur+1965
104275,maze+2000
269018,family+plot+1976
51135,indiana+jones+and+the+last+crusade+1989
254336,grease+1978
65778,tell+me+something+1999
179256,mata+hari+1931
18603,time+stood+still+1960
245142,hotel+transylvania+2012
83400,sommersby+1993
11149,the+gauntlet+1977
272159,rain+man+1988
244842,the+institute+2013
155482,2001+a+space+odyssey+1968
265709,echoes+from+the+dead+2013
65678,a+christmas+story+1983
165869,monsieur+verdoux+1947
179567,north+by+northwest+1959
72263,harry+potter+and+the+deathly+hallows+part+2+2011
294457,in+the+shadow+of+the+machine+1928
22632,the+green+mile+1999
93158,the+three+brothers+1995
184180,camera+buff+1979
14629,independence+day+1996
121755,true+crime+1996
225652,cry+freedom+1987
259292,forrest+gump+1994
283060,star+wars+episode+iii+-+revenge+of+the+sith+2005
303505,american+virgin+2000
421,the+reckless+moment+1949
125319,rambo+first+blood+part+ii+1985
135902,barbershop+2002
118156,jackass+3d+2010
247949,absolute+aggression+2004
239361,interstellar+2014
300116,girl+in+the+cadillac+1995
114154,the+curse+of+the+jade+scorpion+2001
26845,the+longest+day+1962
16157,the+glimmer+man+1996
235347,the+conspiracy+2012
263125,frenzy+1972
227268,tarzan+and+his+mate+1934
16315,cocoon+1985
54132,the+addams+family+1991
277764,cry+freedom+1987
306035,remember+me+2010
137815,star+wars+episode+iii+-+revenge+of+the+sith+2005
276978,werckmeister+harmonies+2000
257687,teenage+mutant+ninja+turtles+2014
23259,forbidden+zone+1980
91141,the+green+mile+1999
221391,the+matrix+1999
225889,fight+club+1999
233052,empire+of+silver+2009
250237,kikis+delivery+service+1989
158611,the+best+years+of+our+lives+1946
186478,black+beauty+1994
49659,big+hero+6+2014
109613,dark+city+1950
150643,drop+zone+1994
135220,rollerball+1975
237597,get+out+your+handkerchiefs+1978
153246,dark+city+1950
71135,the+possession+of+joel+delaney+1972
77438,the+black+rose+1950
240416,juliet+of+the+spirits+1965
173237,the+matrix+1999
252995,force+majeure+2014
170195,the+canal+2014
86869,samson+and+delilah+2009
296589,bill+cosby+himself+1983
304859,the+unsuspected+1947
297054,fanny+2013
194843,maze+2000
920,in+the+realms+of+the+unreal+2004
236469,six+pack+1982
196044,the+presidents+lady+1953
193284,2001+a+space+odyssey+1968
2904,take+out+2004
96511,wonder+boys+2000
58380,lola+1970
22906,lethal+weapon+3+1992
39851,the+falls+1980
17843,a+little+princess+1995
179158,the+high+and+the+mighty+1954
43483,the+client+1994
177535,foo+fighters+back+and+forth+2011
280224,meet+me+in+st.+louis+1944
157324,from+dusk+till+dawn+1996
304748,once+upon+a+time+in+the+west+1968
293732,diggstown+1992
121672,conan+the+barbarian+1982
309118,shutter+island+2010
297281,everyday+sunshine++the+story+of+fishbone+2011
162524,lockout+2012
234022,forrest+gump+1994
60612,in+the+line+of+fire+1993
204846,ginger+snaps+2000
306355,partly+cloudy+2009
276548,p.s.+2004
141937,shampoo+1975
193658,letter+from+an+unknown+woman+1948
19427,when+i+walk+2013
84781,the+amazing+spider-man+2012
192253,plutos+christmas+tree+1952
74961,the+sheik+1921
124566,gladiator+2000
10334,independence+day+1996
93787,all+about+my+mother+1999
164524,the+spirit+of+the+beehive+1973
4780,mickeys+once+upon+a+christmas+1999
112377,eyewitness+1981
306437,shark+tale+2004
235818,algiers+1938
110068,rollerball+1975
286189,dear+frankie+2004
169850,a+goofy+movie+1995
118566,my+man+godfrey+1957
31505,the+vanishing+1993
13779,the+celebration+1998
104119,the+tenant+of+wildfell+hall+1997
44238,lourdes+2009
195291,howls+moving+castle+2004
23774,happy+accidents+2000
214011,went+to+coney+island+on+a+mission+from+god...+be+back+by+five+1998
294363,i+want+candy+2007
224157,double+jeopardy+1999
119904,meet+me+in+st.+louis+1944
209983,the+girl+next+door+2004
153190,arranged+2007
188436,the+lord+of+the+rings+the+two+towers+2002
94230,upstairs+and+downstairs+1959
120090,a+tale+of+two+sisters+2003
274840,frenzy+1972
128961,one+piece+film+strong+world+2009
297699,agnes+of+god+1985
148553,ice+age+continental+drift+2012
1562,adrenaline+drive+1999
262284,peter+pan+1953
253388,mickeys+once+upon+a+christmas+1999
101748,intersection+1994
75653,shrink+2009
251169,the+longest+day+1962
62719,the+dark+knight+rises+2012
157810,dr.+terrors+house+of+horrors+1965
90754,a+christmas+story+1983
279276,the+innocent+sleep+1996
208113,wild+tales+2014
219757,despicable+me+2010
292,the+proprietor+1996
243718,a+time+to+kill+1996
276936,castle+in+the+sky+1986
281964,the+verdict+1982
199419,the+suicide+shop+2012
267555,the+dark+knight+rises+2012
32770,the+secret+world+of+arrietty+2010
139558,rollerball+1975
206325,tangled+2010
236352,noises+off...+1992
141425,the+perfect+score+2004
32390,under+the+roofs+of+paris+1930
299335,frank+and+ollie+1995
255404,michael+collins+1996
31695,despicable+me+2+2013
248515,bangkok_+we+have+a+problem+2014
50385,a+man+called+horse+1970
110536,the+polar+express+2004
151366,ponyo+2008
66979,the+queen+2006
111888,the+key+1983
11058,cry+freedom+1987
293274,cinderella+1950
10767,mysterious+skin+2004
261983,the+cincinnati+kid+1965
158864,the+proprietor+1996
182956,blindsight+2006
65323,and+now...+ladies+and+gentlemen...+2002
221147,monsters_+inc.+2001
92367,high+society+1956
190853,the+housekeeper+2002
195537,twisted+nerve+1968
16596,sherlock+holmes+2009
170873,lilla+jnssonligan+och+cornflakeskuppen+1996
48453,voices+of+a+distant+star+2002
145155,the+wind+in+the+willows+1996
152094,cinderella+ii+dreams+come+true+2002
81016,forrest+gump+1994
182355,the+long+goodbye+1973
138042,control+2007
39448,karen+cries+on+the+bus+2011
144210,toy+story+3+2010
29676,orchestra+rehearsal+1978
65240,notting+hill+1999
142892,lower+city+2005
214387,star+wars+episode+ii+-+attack+of+the+clones+2002
257149,i+cant+think+straight+2008
282928,were+no+angels+1989
7147,tangerines+2013
73254,dead+leaves+2004
228769,the+green+mile+1999
79441,633+squadron+1964
149277,love+jones+1997
148168,the+longest+day+1962
260280,making+the+earth+stand+still+1995
278160,albert+nobbs+2011
251945,the+house+of+yes+1997
178418,batman+begins+2005
257304,prince+of+persia+the+sands+of+time+2010
83277,frenzy+1972
219269,star+wars+1977
142992,dark+city+1950
118232,notting+hill+1999
153805,powaqqatsi+1988
578,...tick...+tick...+tick...+1970
117560,the+lion+king+2+simbas+pride+1998
133819,star+wars+episode+iii+-+revenge+of+the+sith+2005
235463,the+last+of+the+mohicans+1992
149677,leon+the+professional+1994
268536,a+streetcar+named+desire+1984
107343,close+your+eyes+2002
40268,10+rillington+place+1971
172320,election+2+2006
132226,samaritan+zatichi+1968
138068,detective+story+1951
53426,aliens+1986
74145,black+ice+2007
162966,2001+a+space+odyssey+1968
282477,the+avengers+2012
73449,the+matrix+1999
215502,one+flew+over+the+cuckoos+nest+1975
294746,courage+under+fire+1996
269186,the+wolf+of+wall+street+2013
187020,leon+the+professional+1994
33554,flesh+and+blood+1922
2837,sergeant+york+1941
289591,sundome+2007
296264,fever+pitch+1997
110635,the+outlaw+josey+wales+1976
111831,cry+freedom+1987
149003,cry+freedom+1987
70081,workers+leaving+the+lumire+factory+1895
173801,winter+in+wartime+2008
13309,bill+cosby+himself+1983
291033,eden+2012
217687,wake+of+death+2004
119406,the+day+i+became+a+woman+2000
135005,walle+2008
187859,8+seconds+1994
123649,the+boy+in+the+striped+pyjamas+2008
271121,becket+1964
58660,cinderella+2015
7038,bewitched+1945
242641,the+betrayal+nerakhoon+2008
135382,the+brothers+mcmullen+1995
209776,chuck++buck+2000
243036,caroline+1990
201997,ghostbusters+1984
301727,p.s.+2004
235378,lethal+weapon+3+1992
163006,eye+of+god+1997
8149,dreamgirls+2006
214822,the+piano+1993
240127,harry+potter+and+the+prisoner+of+azkaban+2004
56274,dead+of+winter+1987
235002,fear+1990
235558,spirited+away+2001
173671,the+shawshank+redemption+1994
113870,the+night+of+the+iguana+1964
105509,scarface+1983
98997,the+other+side+of+the+mountain+1975
198920,the+land+before+time+xiii+the+wisdom+of+friends+2007
150144,north+by+northwest+1959
261211,judgment+at+nuremberg+1961
108428,p.s.+2004
294683,vice+2015
40352,stalingrad+1993
47161,garfield+gets+real+2007
22762,the+nasty+girl+1990
93812,eyewitness+1981
32115,adams+rib+1949
237335,the+lion+king+1994
99178,the+conspiracy+2012
28935,the+five+senses+1999
86545,black+beauty+1994
52624,a+good+woman+2004
228760,shower+1999
15201,whiplash+2014
49695,la+luna+2011
98547,close-up+1990
48603,the+river+1951
247574,dark+shadows+2012
186027,drop+zone+1994
56902,lockout+2012
304329,attack+of+the+50+foot+cheerleader+2012
75314,the+mysterians+1957
86710,the+game+1997
35514,shampoo+1975
38541,arranged+2007
229385,much+ado+about+nothing+1993
122372,the+lady+from+shanghai+1947
43990,eyewitness+1981
245425,a+goofy+movie+1995
294308,dara+o+briain+talks+funny+live+in+london+2008
127203,the+shawshank+redemption+1994
255850,master+of+the+flying+guillotine+1976
164184,the+other+side+of+the+mountain+1975
3221,princess+mononoke+1997
171991,nausica+of+the+valley+of+the+wind+1984
215756,the+comedy+of+terrors+1963
82212,eyewitness+1981
79640,desert+blue+1999
284014,master+and+commander+the+far+side+of+the+world+2003
268648,the+matrix+1999
171916,the+private+lives+of+pippa+lee+2009
6377,the+matrix+1999
23709,rollerball+1975
89339,the+high+and+the+mighty+1954
220474,tokyo+gore+police+2008
17062,the+parallax+view+1974
35100,hold+back+the+dawn+1941
66296,the+best+man+1964
77559,the+secret+of+moonacre+2008
248368,barbie+a+fashion+fairytale+2010
638,remember+the+titans+2000
46581,cry+freedom+1987
18645,frenzy+1972
297189,another+thin+man+1939
86251,ghostbusters+1984
128249,blade+runner+1982
223874,seven+samurai+1954
111136,my+life+without+me+2003
63999,x-men+days+of+future+past+2014
133760,battlestar+galactica+razor+2007
229417,rampage+2009
284151,the+other+side+of+the+mountain+1975
40566,pirates+of+the+caribbean+the+curse+of+the+black+pearl+2003
39580,serenity+2005
300417,mary_+queen+of+scots+1971
122152,ida+2011
237263,target+2011
180473,spirited+away+2001
182012,dial+m+for+murder+1954
52560,dark+city+1950
209433,hello+i+must+be+going+2012
127760,8+seconds+1994
162856,44500+max+2009
266515,frenzy+1972
86109,rescue+dawn+2006
275064,crooks+in+clover+1963
230751,the+high+cost+of+living+2010
183827,the+conspiracy+2012
143603,sling+blade+1996
113199,spirited+away+2001
255865,all+the+presidents+men+1976
51279,somethings+gotta+give+2003
128490,how+to+train+your+dragon+2010
193081,brigadoon+1954
62387,the+ritz+1976
115002,forget+paris+1995
308233,north+by+northwest+1959
132703,8+seconds+1994
108732,evita+1996
107877,the+bad+sleep+well+1960
292808,almost+famous+2000
52255,inception+2010
2618,the+messenger+2009
224330,thor+2011
63729,pitch+black+2000
37496,the+history+of+future+folk+2012
253366,rapid+fire+1992
135388,rollerball+1975
244672,sling+blade+1996
188055,sintel+2010
252177,mr++mrs+bridge+1990
170599,open+windows+2014
265058,witness+to+murder+1954
32116,e.t.+the+extra-terrestrial+1982
16847,monsters_+inc.+2001
286216,seven+samurai+1954
196840,rembrandts+jaccuse...+2008
156210,april+in+paris+1952
124527,never+say+never+again+1983
41791,the+saint+1997
3705,mary+poppins+1964
4268,alien+1979
295262,private+2004
88832,cliffhanger+1993
133431,x-men+days+of+future+past+2014
76128,circle+of+iron+1978
187614,a+little+bit+of+heaven+2011
175386,dragon+ball+z+lord+slug+1991
218587,the+godfather+1972
124016,the+illusionist+2010
187567,death+at+a+funeral+2007
278643,must+have+been+love+2012
58611,wee+willie+winkie+1937
14980,cry+freedom+1987
40796,the+return+2003
305552,brain+donors+1992
62934,big+hero+6+2014
205088,our+town+1940
309328,black+beauty+1994
2079,monty+python+and+the+holy+grail+1975
80634,the+emperors+new+clothes+2001
206987,my+man+godfrey+1957
291975,the+house+of+yes+1997
86732,the+red+violin+1998
99600,miss+julie+1951
149377,geronimo+an+american+legend+1993
117181,cry+freedom+1987
50467,the+dresser+1983
239779,indiana+jones+and+the+last+crusade+1989
26602,mickeys+once+upon+a+christmas+1999
245025,the+horses+mouth+1958
194549,pirates+of+the+caribbean+the+curse+of+the+black+pearl+2003
188520,my+piece+of+the+pie+2011
228861,walle+2008
34940,rollerball+1975
303991,jekyll++hyde+1990
34076,barbershop+2002
306580,harem+1985
212221,all+about+my+mother+1999
283022,the+longest+day+1962
9062,finding+vivian+maier+2014
298143,machuca+2004
59363,how+to+train+your+dragon+2010
140420,buck+2011
22775,detective+story+1951
65376,days+of+heaven+1978
125236,harry+potter+and+the+deathly+hallows+part+1+2010
165120,melody+time+1948
166584,salvador+1986
295286,jaws+1975
153996,jaccuse+1919
270703,winnie+the+pooh+2011
288068,harry+potter+and+the+deathly+hallows+part+2+2011
105077,incident+at+oglala+1992
106645,about+last+night...+1986
121146,fight+club+1999
83479,frenzy+1972
242086,barbershop+2002
93287,leaving+normal+1992
114588,in+order+of+disappearance+2014
292985,the+aristocats+1970
259284,kikis+delivery+service+1989
224559,rollerball+1975
286137,the+amazing+spider-man+2012
172263,out+for+a+kill+2003
175377,coraline+2009
97128,the+letter+2012
1056,horse+feathers+1932
82172,the+hudsucker+proxy+1994
34602,watchmen+2009
76063,the+machine+girl+2008
235728,curdled+1996
238451,the+shining+1980
16026,when+a+stranger+calls+1979
33560,bleeder+1999
220338,dont+tell+anyone+1998
184308,leon+the+professional+1994
224419,the+stranger+in+me+2008
263325,the+devil+and+miss+jones+1941
262339,people+like+us+2012
65499,anastasia+1997
146551,fire+down+below+1997
34323,diary+of+a+mad+housewife+1970
266683,a+time+to+kill+1996
182168,rollerball+1975
262478,total+recall+1990
219688,harry+potter+and+the+goblet+of+fire+2005
182422,the+very+thought+of+you+1944
209117,harry+potter+and+the+chamber+of+secrets+2002
139351,kandukondain+kandukondain+2000
178981,curdled+1996
4318,fists+in+the+pocket+1965
160324,x2+2003
72651,cry+freedom+1987
279494,serenity+2005
42901,so+undercover+2012
95685,lady+jane+1986
68024,the+bellboy+1960
155659,jay+and+silent+bob+strike+back+2001
109680,the+hit+list+2011
277324,the+client+1994
272377,underworld+1996
270788,cell+211+2009
197922,the+golden+voyage+of+sinbad+1973
194412,picnic+on+the+grass+1959
24427,two+night+stand+2014
29516,harry+potter+and+the+deathly+hallows+part+2+2011
207080,alice+in+wonderland+1951
49394,unbreakable+2000
256483,the+dresser+1983
9565,x-men+days+of+future+past+2014
42064,theres+a+girl+in+my+soup+1970
145634,detective+story+1951
66507,open+season+1996
271624,iron+man+3+2013
22896,the+gauntlet+1977
271676,the+cat+in+the+hat+2003
184269,sade+2000
273221,gleaming+the+cube+1989
219472,butcher+boys+2013
17454,a+birders+guide+to+everything+2013
210372,young+people+fucking+2007
225245,the+stepfather+2009
18445,cry+freedom+1987
91922,the+place+promised+in+our+early+days+2004
148428,a+time+to+kill+1996
257732,little+nicholas+2009
266486,lockout+2012
248404,star+wars+1977
61249,ponyo+2008
138834,doc+hollywood+1991
38094,interstellar+2014
198344,brave+2012
221366,my+neighbor+totoro+1988
113989,history+of+the+world+part+i+1981
224019,cry+freedom+1987
27380,all+the+worlds+memory+1956
1639,what+doesnt+kill+you+2008
4782,ulysses+gaze+1995
159442,the+conspiracy+2012
227339,breaking+news+2004
19065,surprise+1996
249971,count+three+and+pray+1955
109879,lady+jane+1986
269543,the+green+butchers+2003
215844,close-up+1990
126621,the+hobbit+an+unexpected+journey+2012
48941,forrest+gump+1994
267330,girls+just+want+to+have+fun+1985
199354,eyewitness+1981
304175,walle+2008
71611,gone+girl+2014
20251,ss+camp+5+womens+hell+1977
67473,on+borrowed+time+1939
262134,thirty-five+something+2005
89274,the+aristocats+1970
232428,lockout+2012
179066,bill+cosby+himself+1983
21493,lady+and+the+tramp+1955
201337,alien+1979
292600,flash+of+genius+2008
112966,the+savages+2007
56750,glitterbug+1994
222306,harry+potter+and+the+deathly+hallows+part+2+2011
184625,the+tall+blond+man+with+one+black+shoe+1972
180465,tiresia+2003
962,needing+you...+2000
215160,the+five+senses+1999
53624,mickeys+once+upon+a+christmas+1999
174026,die+hard+1988
108742,gladiator+2000
8094,sanjuro+1962
28560,lethal+weapon+3+1992
27319,big+trouble+2002
54576,how+to+train+your+dragon+2+2014
236958,shrek+2+2004
98759,dirkie+-+lost+in+the+desert+1969
20814,despicable+me+2010
41195,april+fools+day+1986
6702,my+neighbor+totoro+1988
139969,what+doesnt+kill+you+2008
192344,king+of+comedy+1999
109772,the+panic+in+needle+park+1971
195031,mulan+rise+of+a+warrior+2009
237127,constantine+2005
115216,like+crazy+2011
30426,rollerball+1975
198341,maleficent+2014
134593,the+five+senses+1999
273969,les+misrables+1934
166457,dog+day+afternoon+1975
196486,santas+slay+2005
277042,one+tough+cop+1998
262984,touch+of+evil+1958
260739,my+neighbor+totoro+1988
152248,north+by+northwest+1959
248648,cry+freedom+1987
150958,something+real+and+good+2013
149873,only+angels+have+wings+1939
184799,without+a+clue+1988
257627,romeo+and+juliet+1968
37801,gleaming+the+cube+1989
298327,pulp+fiction+1994
153562,harry+potter+and+the+philosophers+stone+2001
40854,the+longest+yard+2005
4381,ice+age+dawn+of+the+dinosaurs+2009
63164,about+last+night...+1986
142098,wreck-it+ralph+2012
304369,sixteen+candles+1984
297729,mister+roberts+1955
266520,wind+with+the+gone+1998
14783,the+equalizer+2014
152346,elf+2003
131404,odd+man+out+1947
154484,mansfield+park+1999
169956,the+five+senses+1999
238908,legend+of+the+eight+samurai+1983
76284,the+parent+trap+1998
87316,rio+bravo+1959
39930,the+party+1968
270995,remember+me+2010
132164,cry+freedom+1987
43022,one+flew+over+the+cuckoos+nest+1975
7354,happy+end+1967
89494,the+million+dollar+hotel+2000
273386,the+five+senses+1999
272891,treasure+planet+2002
269250,everything+is+illuminated+2005
287391,the+godfather+1972
229772,the+conspiracy+2012
234517,the+first+nudie+musical+1976
218859,the+other+side+of+the+mountain+1975
167717,deathwatch+2002
40698,eyewitness+1981
118994,arranged+2007
107734,secrets+of+the+tribe+2010
42194,the+shawshank+redemption+1994
50533,whisper+of+the+heart+1995
277444,the+other+side+of+the+mountain+1975
170420,good+morning_+babylon+1987
184079,frenzy+1972
4315,constantine+2005
6830,iron+man+3+2013
235444,wreck-it+ralph+2012
190694,the+five+senses+1999
228029,green+zone+2010
287545,waiting+for+guffman+1996
236682,we+are+what+we+are+2013
306178,ed+1996
235080,the+house+of+yes+1997
161936,mary+poppins+1964
209922,eyewitness+1981
242828,the+sting+1973
14475,the+naked+city+1948
127621,chak+de+india+2007
230782,battle+hymn+1957
32544,the+derby+stallion+2005
56680,moving+1988
12875,true+crime+1996
143992,courage+under+fire+1996
38566,backbeat+1994
209390,dark+city+1950
216189,my+man+godfrey+1957
54023,the+family+man+2000
115388,cry+freedom+1987
142953,+nous+la+libert+1931
204913,running+scared+2006
203313,shooter+2007
199960,ghost+in+the+shell+2+innocence+2004
160049,rollerball+1975
59861,when+nietzsche+wept+2007
184283,palo+alto+2014
204277,harry+potter+and+the+deathly+hallows+part+1+2010
250335,food+1993
44792,my+life+without+me+2003
154908,the+five+senses+1999
104674,a+fistful+of+dollars+1964
198183,mr.+baum+1997
46716,2001+a+space+odyssey+1968
76074,frankenstein+1931
154934,whisper+of+the+heart+1995
183526,freaky+friday+1976
181089,melody+time+1948
129412,star+wars+episode+ii+-+attack+of+the+clones+2002
176483,quantum+of+solace+2008
118607,moral+tales_+filmic+issues+2006
288916,the+nest+2002
169869,the+bridesmaid+2004
102023,the+dresser+1983
90018,the+devil+wears+prada+2006
182472,a+goofy+movie+1995
104955,iron+man+3+2013
178913,the+a-team+2010
261117,six+of+a+kind+1934
258446,lucky+them+2013
141374,the+snowman+1982
220398,chameleon+2008
84322,up+2009
38471,razorback+1984
73206,a+little+princess+1995
197331,star+wars+episode+iii+-+revenge+of+the+sith+2005
56421,craig+ferguson+a+wee+bit+o+revolution+2009
124045,the+body+2003
44931,the+story+of+a+cheat+1936
22853,mutiny+on+the+bounty+1962
204600,aladdin+1992
170878,rollerball+1975
163038,cry+freedom+1987
40445,white+men+cant+jump+1992
53615,tangled+2010
257463,fight+club+1999
136246,ace+in+the+hole+1951
192162,joe+strummer+the+future+is+unwritten+2007
124759,8+seconds+1994
91365,mr.+smith+goes+to+washington+1939
130515,exodus+1960
44735,hearts+and+minds+1974
82481,the+avengers+1998
113188,hollywood+canteen+1944
203611,confessions+2010
36877,paths+of+glory+1957
212065,the+avengers+2012
3150,cocktail+1988
170297,from+the+earth+to+the+moon+1998
217555,cry+freedom+1987
128744,empire+of+the+wolves+2005
40251,raging+bull+1980
162373,the+blood+spattered+bride+1972
140160,the+ultimate+warrior+1975
191575,man+of+the+year+2006
198644,sergeant+york+1941
287453,cry+freedom+1987
92478,blade+runner+1982
122448,meet+monica+velour+2010
55536,die+hard+1988
81149,north+by+northwest+1959
19833,from+russia+with+love+1963
229540,never+say+never+again+1983
36591,the+westerner+1940
259076,p.s.+2004
104377,silent+light+2007
236533,cul-de-sac+1966
267242,the+interpreter+2005
189518,fear+city+1984
208101,cry+freedom+1987
309289,great+expectations+1998
49696,shottas+2002
268633,festival+express+2003
147274,hitlers+madman+1943
152404,mega+piranha+2010
281161,15+minutes+2001
146932,independence+day+1996
6131,walle+2008
187634,star+wars+episode+iii+-+revenge+of+the+sith+2005
207082,ghost+1990
60603,the+shawshank+redemption+1994
267067,the+hobbit+the+desolation+of+smaug+2013
256301,cry+freedom+1987
161902,die+weisse+rose+1982
102186,il+divo+2008
176213,the+wrong+guy+1997
228655,tupac+resurrection+2003
304111,run+silent_+run+deep+1958
209269,the+killing+1956
108110,the+house+of+yes+1997
303510,khrustalyov_+my+car+1998
69946,the+brothers+mcmullen+1995
18426,robots+2005
164207,saving+private+ryan+1998
198115,eyewitness+1981
299967,gigantic+a+tale+of+two+johns+2002
227144,castle+in+the+sky+1986
147463,the+trip+2002
293143,top+secret+1984
39795,citizenfour+2014
188182,scarface+1983
266424,it+follows+2015
154362,footnote+2011
50609,redemption+the+stan+tookie+williams+story+2004
139856,aliens+1986
70306,the+desperate+hours+1955
231656,the+broken+hearts+club+a+romantic+comedy+2000
108087,body+count+1998
63893,cry+freedom+1987
295478,who+am+i+1998
76126,angels+in+america+2003
17420,chalet+girl+2011
21833,hi+diddle+diddle+1943
36695,the+baron+of+arizona+1950
192619,family+plot+1976
19500,the+avengers+2012
218220,amar+akbar+anthony+1977
232768,american+history+x+1998
183469,frozen+2013
266519,angels+with+dirty+faces+1938
162880,raiders+of+the+lost+ark+1981
251057,a+night+to+remember+1958
62473,top+secret+1984
14450,love+letters+1945
88730,633+squadron+1964
272430,cant+hardly+wait+1998
171941,casino+royale+2006
31407,christiane+f.+1981
278202,the+car+1977
132651,harry+potter+and+the+deathly+hallows+part+1+2010
124243,gothika+2003
123203,a+trip+to+mars+1910
139398,the+warrior+and+the+sorceress+1984
71232,monsters_+inc.+2001
69194,dick+tracy+1990
305997,shampoo+1975
239175,the+dresser+1983
19394,p.s.+2004
62436,star+wars+episode+iii+-+revenge+of+the+sith+2005
14752,the+other+side+of+the+mountain+1975
202468,apocalypto+2006
2971,gone+girl+2014
302541,forrest+gump+1994
23030,dances+with+wolves+1990
12378,washington+square+1997
180448,edmond+2005
81973,the+nest+2002
76646,iron+man+3+2013
126370,the+letter+1940
175519,vertigo+1958
167337,dreamgirls+2006
229090,p.s.+2004
263286,a+family+thing+1996
188445,the+weather+man+2005
29811,the+lion+king+2+simbas+pride+1998
42973,gigantic+a+tale+of+two+johns+2002
161543,let+the+right+one+in+2008
218716,stella+street+2004
104971,airplane+1980
244795,barbara+2012
269043,my+man+godfrey+1957
227693,slacker+2011+2011
51469,midnight+lace+1960
238783,robot+stories+2003
69956,a+royal+affair+2012
118355,elfie+hopkins+2012
144080,maze+2000
85408,the+four+seasons+1981
231658,by+dawns+early+light+1990
276412,death+is+a+woman+1966
60382,drop+zone+1994
169690,pusher+iii+im+the+angel+of+death+2005
233906,the+last+of+the+mohicans+1992
45287,terminator+3+rise+of+the+machines+2003
92914,dial+m+for+murder+1954
243005,p.s.+2004
6185,cotton+comes+to+harlem+1970
119571,htel+terminus+the+life+and+times+of+klaus+barbie+1988
249490,28+weeks+later+2007
87819,mystery_+alaska+1999
74187,the+incredibles+2004
87968,sling+blade+1996
161086,knockin+on+heavens+door+1997
80004,paths+of+glory+1957
231861,south+of+the+border+2009
157532,roadie+2011
64952,from+russia+with+love+1963
205705,the+way+2010
76511,the+good_+the+bad+and+the+ugly+1966
216008,kadosh+1999
155829,from+dusk+till+dawn+1996
141509,42nd+street+1933
298730,the+conspiracy+2012
153030,a+family+thing+1996
74043,bloodstone+subspecies+ii+1993
190198,barbarosa+1982
305369,sabrina+1995
60387,mrs+henderson+presents+2005
153700,bandit+queen+1994
185794,shampoo+1975
245118,eyewitness+1981
272948,a+very+harold++kumar+christmas+2011
254747,rollerball+1975
247261,tabu+1931
48011,dracula+3d+2012
116657,the+kautokeino+rebellion+2008
135573,raise+your+voice+2004
22768,a+hijacking+2012
39754,saving+private+ryan+1998
197849,first+blood+1982
142081,pandorum+2009
297896,laura+1944
36883,the+house+of+yes+1997
185474,whisper+of+the+heart+1995
219718,bill+cosby+himself+1983
116634,the+lord+of+the+rings+the+return+of+the+king+2003
99888,kikis+delivery+service+1989
248439,walkabout+1971
162149,my+life+as+a+dog+1985
192199,the+curious+case+of+benjamin+button+2008
284762,paths+of+glory+1957
19239,henry+v+1989
18686,the+living+skeleton+1968
242049,my+father+the+hero+1991
178762,page+eight+2011
31662,a+fairly+odd+movie+grow+up_+timmy+turner+2011
110347,the+lord+of+the+rings+the+two+towers+2002
72306,punchline+1988
157693,the+shawshank+redemption+1994
49117,the+blair+witch+project+1999
132158,the+dukes+of+hazzard+2005
218388,the+coven+2015
211601,i+dont+want+to+sleep+alone+2006
2442,guardians+of+the+galaxy+2014
21832,beslan+three+days+in+september+2006
2351,im+here+2010
88981,perils+of+the+sentimental+swordsman+1982
117757,my+neighbor+totoro+1988
66572,pusher+ii+with+blood+on+my+hands+2004
260294,four+stories+of+st.+julian+2010
35608,the+crimson+pirate+1952
210147,a+tale+of+springtime+1990
16092,after+life+1998
43549,detective+story+1951
171309,jaws+1975
248655,black+beauty+1994
118127,raging+bull+1980
32173,the+dark+knight+2008
52990,harvey+1950
235109,harry+potter+and+the+philosophers+stone+2001
127113,ratatouille+2007
233629,flying+down+to+rio+1933
112578,freaky+friday+1976
299292,top+secret+1984
160330,american+gangster+2007
104612,major+dundee+1965
265903,rain+man+1988
301225,a+very+harold++kumar+christmas+2011
200210,geronimo+an+american+legend+1993
48815,big+hero+6+2014
68995,cry+freedom+1987
207393,p.s.+2004
132568,the+toolbox+murders+2004
248017,remember+me+2010
236007,missing+1982
121598,live+2007
214167,shall+we+dance+2004
111521,for+love+of+the+game+1999
281069,narc+2002
122154,route+irish+2011
286542,l.a.+story+1991
117934,the+dresser+1983
165060,the+thing+from+another+world+1951
4109,melody+time+1948
34248,sleepers+1996
116628,dragon+ball+z+fusion+reborn+1995
37449,frenzy+1972
196854,love+and+bullets+1979
136904,a+midsummer+nights+dream+1999
70619,rancho+deluxe+1975
160680,cry+freedom+1987
296399,guess+whos+coming+to+dinner+1967
307140,drop+zone+1994
22069,when+eight+bells+toll+1971
123126,bolt+2008
215555,the+conspiracy+2012
23954,ultramarines+a+warhammer+40_000+movie+2010
162684,forbidden+kingdom+2014
256690,the+last+of+the+mohicans+1992
42061,sharpays+fabulous+adventure+2011
39434,indiana+jones+and+the+last+crusade+1989
218172,big+eyes+2014
95364,super+size+me+2004
77,the+unsaid+2001
278808,the+boy+in+the+striped+pyjamas+2008
226740,top+secret+1984
272878,the+salt+of+the+earth+2014
284221,frankenstein+1931
131784,detective+story+1951
103942,seven+pounds+2008
99293,the+horse+whisperer+1998
84239,rio+bravo+1959
135261,the+shining+1980
201609,the+polar+bear+king+1991
256251,long+weekend+1978
307700,the+letter+1940
214414,angst+1983
98606,saboteur+1942
69303,bhaji+on+the+beach+1994
196842,the+purge+anarchy+2014
111229,eyewitness+1981
178524,e.t.+the+extra-terrestrial+1982
88103,total+recall+1990
61274,bill+cosby+himself+1983
188078,de+nieuwe+wildernis+2013
224809,whale+rider+2003
193862,cloudy+with+a+chance+of+meatballs+2+2013
268222,the+glenn+miller+story+1954
250774,son+of+frankenstein+1939
190113,the+lord+of+the+rings+the+fellowship+of+the+ring+2001
9937,welcome+to+the+jungle+2013
152602,the+ides+of+march+2011
255113,the+shipping+news+2001
173895,all+the+presidents+men+1976
126077,the+angels+share+2012
154265,stars+in+my+crown+1950
203788,emma+1996
142300,hoodwinked+2005
55407,the+severed+heads+1957
18564,the+brave+1997
288997,demolition+man+1993
230589,the+lord+of+the+rings+the+fellowship+of+the+ring+2001
213278,northwest+2013
233389,interstellar+2014
209139,cry+freedom+1987
262510,jerusalem+1996
199630,lady+and+the+tramp+1955
166,the+passion+of+joan+of+arc+1928
127298,one+man+band+2005
62198,bread+and+roses+2000
298311,whiplash+2014
281912,a+good+year+2006
54522,the+holy+mountain+1973
283262,the+man+who+knew+too+much+1956
288970,the+shawshank+redemption+1994
291517,infamous+2006
156023,forrest+gump+1994
18847,the+conspiracy+2012
232121,les+hautes+solitudes+1974
2085,dead+genesis+2010
199175,the+little+colonel+1935
211941,l.i.e.+2001
117711,nick+the+sting+1976
123341,conan+the+barbarian+1982
299866,the+last+of+the+mohicans+1992
305884,the+three+faces+of+eve+1957
281284,the+lord+of+the+rings+the+fellowship+of+the+ring+2001
190777,back+to+the+future+part+iii+1990
299031,james+and+the+giant+peach+1996
140666,missing+1982
147200,tales+of+vesperia+the+first+strike+2009
146267,saints+and+soldiers+2003
166204,i+never+sang+for+my+father+1970
239691,lovely++amazing+2001
297165,robots+2005
139774,seven+samurai+1954
217253,sonatine+1993
144043,bridget+joness+diary+2001
308327,inferno+1980
109510,georgy+girl+1966
40696,pirates+of+the+caribbean+the+curse+of+the+black+pearl+2003
108734,missing+1982
293485,true+crime+1996
104921,hope+and+glory+1987
125078,courage+under+fire+1996
235689,punch-drunk+love+2002
232511,toy+story+2+1999
253316,love+and+death+1975
173078,barbershop+2002
54577,the+odd+couple+1968
288546,ghidorah_+the+three-headed+monster+1964
286994,muscle+shoals+2013
295134,fight+club+1999
139232,desert+blue+1999
187392,how+to+train+your+dragon+2+2014
158961,robot+stories+2003
163853,rollerball+1975
178107,p.s.+2004
86816,insurgent+2015
85338,the+others+2001
7721,intersection+1994
272617,the+dresser+1983
238366,the+andromeda+strain+1971
208391,big+hero+6+2014
111114,howls+moving+castle+2004
185831,go+for+broke+1951
295905,the+fall+2008
207352,life+during+wartime+2009
17814,percy+jackson++the+olympians+the+lightning+thief+2010
303717,shampoo+1975
198588,inception+2010
188245,seven+samurai+1954
87373,the+chant+of+jimmie+blacksmith+1978
102444,samsara+2001
238738,red+dawn+1984
241657,leo+the+last+1970
23474,the+grand+budapest+hotel+2014
308781,paris+is+burning+1990
165011,toy+story+2+1999
58052,eyewitness+1981
85165,kikis+delivery+service+1989
181922,the+snowman+1982
211632,real+genius+1985
192662,geronimo+an+american+legend+1993
71310,dances+with+wolves+1990
44110,deep+rising+1998
133374,sling+blade+1996
20114,lifeboat+1944
261368,la+terra+trema+1948
293038,patriotism+1966
94987,heatstroke+2013
155147,kenji+mizoguchi+the+life+of+a+film+director+1975
144672,guardians+of+the+galaxy+2014
11615,duck+soup+1933
167462,lethal+weapon+3+1992
46143,nine+months+1995
72063,gentlemen+of+fortune+1971
183093,the+five+senses+1999
258516,harry+potter+and+the+order+of+the+phoenix+2007
36555,brothers+on+the+line+2012
283263,cat+ballou+1965
153868,men+of+respect+1990
236523,crazy+heart+2009
296245,boulevard+1994
277582,guess+whos+coming+to+dinner+1967
108364,monsters_+inc.+2001
65221,the+eagle+has+two+heads+1948
36869,the+tree+of+wooden+clogs+1978
155290,in+the+line+of+fire+1993
261855,cherry+tree+lane+2010
221753,its+the+great+pumpkin_+charlie+brown+1966
147630,the+lord+of+the+rings+the+fellowship+of+the+ring+2001
120551,shrek+2001
160745,first+blood+1982
135467,the+shawshank+redemption+1994
11876,birdman+2014
141709,snow+white+and+the+seven+dwarfs+1937
248073,new+police+story+2004
120226,indiana+jones+and+the+last+crusade+1989
66151,another+thin+man+1939
299644,the+lord+of+the+rings+the+return+of+the+king+2003
44482,terminator+2+judgment+day+1991
126848,three+strangers+1946
70761,maze+2000
27924,leila+1997
282860,beware+the+moon+remembering+an+american+werewolf+in+london+2009
281018,city+slickers+1991
154080,mickeys+once+upon+a+christmas+1999
37821,shampoo+1975
184685,one-eyed+monster+2008
155247,inception+2010
172375,the+amazing+spider-man+2012
59486,sleeping+beauty+1959
7730,missing+1982
178908,blade+runner+1982
23530,angels+with+dirty+faces+1938
279366,blue+velvet+1986
157131,inception+2010
120810,incognito+1997
238333,dragon+ball+z+broly+-+the+legendary+super+saiyan+1993
123935,diary+of+a+nymphomaniac+2008
47614,the+spanish+apartment+2002
190988,nobody+knows+2004
111062,sleeping+beauty+1959
143986,innocence+2004
118516,another+thin+man+1939
145804,dragon+ball+sleeping+princess+in+devils+castle+1987
267055,ricky+2009
232822,once+bitten+1985
42748,the+life+and+times+of+hank+greenberg+2000
276672,true+lies+1994
113928,drop+zone+1994
135982,frenzy+1972
125315,monsters_+inc.+2001
256278,indiana+jones+and+the+temple+of+doom+1984
205310,the+longest+day+1962
171637,bill+cosby+himself+1983
86480,spirited+away+2001
285434,paths+of+glory+1957
98328,a+goofy+movie+1995
284062,romeo+and+juliet+1936
249669,the+conspiracy+2012
127521,goodfellas+1990
240933,castle+in+the+sky+1986
296210,curdled+1996
130980,the+house+of+yes+1997
116171,the+matrix+1999
27550,aliens+1986
64150,crush+1992
195966,cry+freedom+1987
175252,phoenix+1998
273901,the+five+senses+1999
234712,missing+1982
141346,sleepers+1996
67935,northfork+2003
230288,lone+wolf+and+cub+baby+cart+to+hades+1972
258606,leclisse+1962
153020,gentlemen+2014
218589,table+no.+21+2013
193354,roxie+hart+1942
265877,forrest+gump+1994
243732,bill+cosby+himself+1983
77161,partly+cloudy+2009
153320,the+theory+of+everything+2014
185381,drop+zone+1994
153912,oscar+1991
31544,il+divo+2008
227530,the+man+who+knew+too+much+1956
223618,frenzy+1972
91469,bickford+shmecklers+cool+ideas+2006
28796,star+wars+episode+iii+-+revenge+of+the+sith+2005
69364,p.s.+2004
69660,pk+2014
105974,blood+diamond+2006
240428,p.s.+2004
231150,the+monster+club+1981
19815,triumph+of+the+will+1935
175363,bill+burr+why+do+i+do+this+2008
221337,black+snake+moan+2006
249754,mary+poppins+1964
160295,the+terminator+1984
118819,sleepers+1996
6500,neurons+to+nirvana+2013
241711,the+mascot+1933
257028,skyline+2010
6755,ambush+1999
266733,iron+man+3+2013
56487,face+to+face+1967
77303,the+jericho+mile+1979
191425,gods+2014
27097,city+slickers+1991
125872,hamlet+2009
197217,how+to+steal+a+million+1966
31944,se7en+1995
232174,daniel+1983
160879,the+imitation+game+2014
138981,my+life+in+orange+2011
73768,beetlejuice+1988
27464,in+the+line+of+fire+1993
255504,h.g.+wells+war+of+the+worlds+2005
27749,all+the+presidents+men+1976
284878,the+five+senses+1999
179856,my+best+friend+2006
296446,the+amazing+spider-man+2012
263218,iron+man+2008
43779,the+five+senses+1999
95098,scooby-doo+abracadabra-doo+2010
92777,wreck-it+ralph+2012
215815,bonneville+2006
94157,drop+zone+1994
70110,the+piano+1993
21450,as+you+like+it+1978
94131,missing+1982
263396,moving+1988
110197,everything+relative+1996
43075,maze+2000
209827,valentino+1977
61850,despicable+me+2010
158012,lenny+bruce+swear+to+tell+the+truth+1998
194186,twin+peaks+fire+walk+with+me+1992
213418,a+star+is+born+1954
225533,big+hero+6+2014
138107,cry+freedom+1987
24631,barbershop+2002
222296,paranormal+activity+4+2012
285895,casino+royale+2006
54405,night+and+fog+1955
9953,the+lord+of+the+rings+the+fellowship+of+the+ring+2001
7557,watchmen+2009
120570,remember+me+2010
47408,miracle+at+st.+anna+2008
130199,ed+1996
267307,liliom+1934
263957,raiders+of+the+lost+ark+1981
286363,dead+mans+walk+1996
278064,the+gleaners++i+2000
33008,gleaming+the+cube+1989
279913,empire+of+passion+1978
289548,the+proprietor+1996
250421,ed+wood+1994
200616,thor+2011
234812,magic+camp+2012
49002,crisis+1950
305827,point+of+no+return+1993
210944,frankenhooker+1990
36915,the+snowman+1982
236031,freaky+friday+1976
17970,arranged+2007
198858,to+be+and+to+have+2002
187625,george+harrison+living+in+the+material+world+2011
167188,the+dark+knight+2008
86419,this+american+journey+2013
206658,wartorn+1861-2010+2010
30699,what+doesnt+kill+you+2008
155031,beauty+is+embarrassing+2012
67002,princess+kaiulani+2010
37816,inglourious+basterds+2009
19652,gigi+1949
138820,kenny+begins+2009
133118,wonder+bar+1934
309086,alcina+1999
203795,bangkok_+we+have+a+problem+2014
116766,gattaca+1997
26876,the+naughty+room+2012
108805,conflict+1945
178948,ratatouille+2007
164255,suddenly+1954
260702,a+demon+in+my+view+1991
109849,macon+county+line+1974
208043,cinderella+2015
209905,rogue+cop+1954
173468,the+believers+1987
163723,the+last+of+the+mohicans+1992
130234,midnight+1998
85141,toy+story+3+2010
191912,spirit+stallion+of+the+cimarron+2002
158671,the+lucky+ones+2008
237888,hurry+sundown+1967
255851,l.a.+confidential+1997
107947,the+house+of+yes+1997
184322,shampoo+1975
96616,the+matrix+1999
205481,the+girl+of+your+dreams+1998
11288,miraculum+2014
209150,how+to+train+your+dragon+2+2014
256564,curly+sue+1991
1510,dawn+of+the+planet+of+the+apes+2014
252510,almighty+thor+2011
81151,the+scarlet+and+the+black+1983
269288,terri+2011
112718,ice+age+continental+drift+2012
18461,sullivans+travels+1941
8617,wet+hot+american+summer+2001
95179,the+monster+x+strikes+back+attack+the+g8+summit+2008
13448,saraband+2003
294905,angel+2007
260194,cloudy+with+a+chance+of+meatballs+2+2013
42190,the+secret+world+of+arrietty+2010
301539,eyewitness+1981
160479,cry+freedom+1987
236264,bad+words+2013
99505,mommy+2014
107733,tron+legacy+2010
131587,life+is+a+bed+of+roses+1983
276771,hitchcock+2012
78213,the+incredibles+2004
187410,man+on+a+mission+richard+garriotts+road+to+the+stars+2010
246069,time+of+the+gypsies+1988
278607,one+flew+over+the+cuckoos+nest+1975
48797,despicable+me+2010
142007,cry+freedom+1987
207671,love+simple+2009
82338,leon+the+professional+1994
163937,42+2013
170899,blade+runner+1982
7508,the+bad+and+the+beautiful+1952
47833,scrooge+1951
217520,animals+are+beautiful+people+1974
171528,eyewitness+1981
288734,paths+of+glory+1957
29157,bill+cosby+himself+1983
257619,a+kind+of+loving+1962
77992,clerks+1994
178295,troy+2004
73954,dredd+2012
7620,rio+bravo+1959
272244,the+mask+1994
269074,mystery_+alaska+1999
250892,the+prefab+people+1982
232449,sullivans+travels+1941
155660,guardians+of+the+galaxy+2014
207028,madame+bovary+1991
238852,no+mans+land+2001
195810,day+of+the+outlaw+1959
67914,some+like+it+hot+1959
298823,the+changeling+1980
270790,barbershop+2002
179614,last+holiday+2006
85874,gosford+park+2001
184177,wild+tales+2014
64796,the+lord+of+the+rings+the+two+towers+2002
231486,the+terminator+1984
122845,the+lost+world+jurassic+park+1997
135845,the+rocket+2013
239439,rock+star+2001
164065,queen+to+play+2009
115965,12+days+of+terror+2005
154366,cry+freedom+1987
78631,the+bounty+1984
235269,afstiros+katallilo+2008
256369,kingsman+the+secret+service+2015
165554,all+the+mornings+of+the+world+1991
267955,tai-chi+master+1993
14894,dark+city+1950
249208,the+lord+of+the+rings+the+two+towers+2002
123833,husbands+and+wives+1992
158543,bill+cosby+himself+1983
286105,edward+scissorhands+1990
145815,malice+1993
161148,sling+blade+1996
257055,p.s.+2004
139497,romeo+must+die+2000
74987,the+dark+knight+2008
121675,the+lucky+ones+2008
135122,anchors+aweigh+1945
224678,the+gods+must+be+crazy+1980
277387,the+snowman+1982
268813,harry+potter+and+the+prisoner+of+azkaban+2004
287595,rio+bravo+1959
11394,possessed+1999
30930,a+bugs+life+1998
154348,fubar+2002
44777,gangster+squad+2013
54726,kisses+2008
187558,i+dont+want+to+talk+about+it+1993
59609,the+dresser+1983
283355,pay+2+play+democracys+high+stakes+2014
33806,the+perfect+score+2004
19616,jack+strong+2014
54565,the+lord+of+the+rings+the+return+of+the+king+2003
265393,eyewitness+1981
144474,the+chronicles+of+narnia+the+lion_+the+witch+and+the+wardrobe+2005
193724,the+other+side+of+the+mountain+1975
145006,the+gods+must+be+crazy+1980
114943,the+last+of+the+mohicans+1992
23912,a+goofy+movie+1995
175856,shrek+2+2004
167476,what+doesnt+kill+you+2008
160334,another+thin+man+1939
172527,labyrinth+1986
146347,dangerous+1935
304533,the+life+of+emile+zola+1937
40651,master+and+commander+the+far+side+of+the+world+2003
194830,raiders+of+the+lost+ark+1981
270555,ice+age+2002
35449,star+wars+episode+i+-+the+phantom+menace+1999
230981,eyewitness+1981
31887,white+oleander+2002
185058,revenge+of+the+ninja+1983
250097,beetlejuice+1988
184318,right+at+your+door+2006
170552,the+hurt+locker+2008
258015,the+gauntlet+1977
176749,blade+runner+1982
211393,rio+bravo+1959
74200,all+the+presidents+men+1976
19095,cake+2005
169661,interstellar+2014
559,die+another+day+2002
38388,everything+must+go+2010
107629,sullivans+travels+1941
154235,passion+in+the+desert+1997
181965,the+matrix+1999
4581,too+many+husbands+1940
203661,indiana+jones+and+the+temple+of+doom+1984
266664,still+bill+2010
291346,changeling+2008
108833,wreck-it+ralph+2012
278161,about+last+night...+1986
262685,pearl+jam+twenty+2011
150226,avatar+2009
98389,the+wendell+baker+story+2005
287954,with+heart++soul+2009
254472,american+pimp+1999
147177,made+in+u.s.a+1966
148798,the+outsider+2014
296173,raging+bull+1980
98568,spirited+away+2001
183856,seventh+son+2014
224178,big+city+blues+1932
64025,the+white+ribbon+2009
76007,the+front+page+1974
19218,tenebre+1982
134048,the+red+shoes+1948
303150,squirm+1976
151010,underworld+evolution+2006
174054,harry+potter+and+the+deathly+hallows+part+2+2011
238445,the+last+of+the+mohicans+1992
194735,spirit+stallion+of+the+cimarron+2002
302842,the+house+of+yes+1997
261677,notting+hill+1999
35783,jesse+stone+thin+ice+2009
188478,pulp+fiction+1994
223539,corto+maltese+la+maison+dore+de+samarkand+2004
122949,the+shawshank+redemption+1994
98485,the+westerner+1940
125335,impostor+2001
238338,incognito+1997
290459,a+personal+journey+with+martin+scorsese+through+american+movies+1995
118420,1+knights+-+in+search+of+the+ravishing+princess+herzelinde+2008
41016,frenzy+1972
138384,raging+bull+1980
118846,the+dark+knight+2008
88369,wild+tales+2014
254972,the+browning+version+1951
265715,master+and+commander+the+far+side+of+the+world+2003
114970,the+five+senses+1999
77783,blinkity+blank+1955
183707,the+shawshank+redemption+1994
229032,don+jon+2013
220197,the+war+1994
246101,cry+freedom+1987
80492,iron+man+3+2013
151191,face+of+terror+2004
260530,vizontele+tuuba+2004
209519,bill+cosby+himself+1983
47413,our+day+will+come+2010
150077,caspers+haunted+christmas+2000
207400,star+wars+episode+iii+-+revenge+of+the+sith+2005
101863,far+away+2001
205134,kung+fu+cult+master+1993
258336,fireworks+1997
116803,home+sweet+hell+2015
118430,charlie+and+the+chocolate+factory+2005
182826,a+night+at+the+opera+1935
145427,the+cremator+1969
271320,the+godfather+part+iii+1990
109468,since+you+went+away+1944
281835,maze+2000
53355,lola+1961
7045,logans+run+1976
260846,carnage+2011
281465,the+wooden+bridge+2012
251841,bruce+almighty+2003
154545,code+of+silence+1985
34399,sling+blade+1996
244572,big+hero+6+2014
286067,cookie+1989
3120,cry+freedom+1987
294489,frenzy+1972
208147,frozen+2013
55216,daffy+ducks+movie+fantastic+island+1983
50940,the+dark+knight+rises+2012
275746,witness+for+the+prosecution+1957
14937,it+started+in+naples+1960
260390,jackass+3d+2010
130495,cry+freedom+1987
273670,lured+1947
164931,godzilla_+mothra+and+king+ghidorah+giant+monsters+all-out+attack+2001
212924,kiss+of+the+spider+woman+1985
185513,fagbug+2009
160246,thor+2011
212094,punchline+1988
71494,trash+2014
306694,arranged+2007
292671,cry+freedom+1987
127039,forrest+gump+1994
233028,grease+1978
150439,cry+freedom+1987
301456,big+fish+2003
22309,the+lord+of+the+rings+the+return+of+the+king+2003
25587,alien+1979
74198,the+black+pirate+1926
147275,about+a+boy+2002
184235,my+man+godfrey+1957
201169,star+wars+1977
143498,the+incredibles+2004
101797,star+wars+episode+iii+-+revenge+of+the+sith+2005
132886,drop+zone+1994
56593,bill+hicks+relentless+1992
37565,mickeys+once+upon+a+christmas+1999
277978,tristana+1970
202327,earth+1930
111683,our+town+1940
61377,mad+detective+2007
91396,up+and+down+2004
108031,walle+2008
254411,harry+potter+and+the+prisoner+of+azkaban+2004
291479,cry+freedom+1987
285318,the+conspiracy+2012
267350,the+hangover+2009
123601,whiplash+2014
207114,snowpiercer+2013
133168,peter++the+wolf+2006
202163,brother+bear+2003
61384,from+russia+with+love+1963
79980,back+to+the+future+1985
273398,peter+pan+1953
237533,the+iron+giant+1999
199517,lethal+weapon+3+1992
150723,love+potion+no.+9+1992
58122,sorry_+haters+2005
12307,guess+whos+coming+to+dinner+1967
88306,p.s.+2004
306503,the+secret+world+of+arrietty+2010
94524,ghost+in+the+shell+2+innocence+2004
231334,the+good+thief+2003
123971,drop+zone+1994
232695,assassination+games+2011
142174,harry+potter+and+the+philosophers+stone+2001
169944,the+poughkeepsie+tapes+2007
38227,juarez+1939
15672,the+andromeda+strain+1971
125546,rollerball+1975
92016,the+snowman+1982
148566,my+man+godfrey+1936
860,bachelor+party+1984
94289,missing+1982
4116,the+butter+battle+book+1989
148511,the+palm+beach+story+1942
114883,raging+bull+1980
18962,bruce+almighty+2003
300198,a+lonely+place+to+die+2011
94330,my+neighbor+totoro+1988
9866,cry+freedom+1987
142663,the+company+you+keep+2012
178588,tangled+2010
171350,poetry+2010
102800,the+proprietor+1996
182009,the+legend+of+1900+1998
129613,the+five+senses+1999
267195,anchors+aweigh+1945
48030,the+hobbit+an+unexpected+journey+2012
264205,71+2014
215425,harry+potter+and+the+deathly+hallows+part+2+2011
152751,cry+freedom+1987
158832,shaolin+temple+2+kids+from+shaolin+1984
214042,frenzy+1972
123113,raising+helen+2004
242025,the+feminine+touch+1941
191629,snow+white+and+the+seven+dwarfs+1937
164205,dog+pound+2010
252221,the+shining+1980
148003,wreck-it+ralph+2012
258972,maze+2000
159793,frenzy+1972
256172,the+400+blows+1959
252613,bill+cosby+himself+1983
105057,cry+freedom+1987
139655,rollerball+1975
45414,red+doors+2005
21302,cry+freedom+1987
54292,will+penny+1967
225880,a+lizard+in+a+womans+skin+1971
278035,wait+until+dark+1967
39771,the+little+rascals+save+the+day+2014
172504,leon+the+professional+1994
190940,shutter+island+2010
181559,blue+is+the+warmest+color+2013
189087,hansel++gretel+2007
127532,dances+with+wolves+1990
164944,why+we+fight+2005
150498,the+invisible+woman+2009
99152,without+a+paddle+2004
260491,with+great+power+the+stan+lee+story+2010
44674,the+longest+day+1962
21007,the+girl+on+the+bridge+1999
271163,the+dresser+1983
24775,i_+robot+2004
237828,a+home+of+our+own+1993
44731,the+avengers+2012
226474,rollerball+1975
138971,the+diamond+arm+1968
152830,the+ultimate+gift+2006
150968,the+five+senses+1999
255220,imaginary+heroes+2004
37207,the+shawshank+redemption+1994
72188,ponyo+2008
78697,simple+men+1992
279832,walle+2008
89859,incognito+1997
207845,she+monkeys+2011
159751,oceans+eleven+2001
264721,barry+lyndon+1975
60467,the+avengers+1998
28083,quantum+of+solace+2008
28037,the+avengers+2012
36798,sergeant+rutledge+1960
252716,walle+2008
67069,stalag+17+1953
268268,big+hero+6+2014
80241,blade+runner+1982
84614,paths+of+glory+1957
195142,the+last+of+the+mohicans+1992
90417,forbidden+zone+1980
124183,the+princess+and+the+frog+2009
301386,the+house+of+yes+1997
173259,rules+of+engagement+2000
70864,cry+freedom+1987
129463,charlie+and+the+chocolate+factory+2005
43998,aladdin+1992
186748,the+long_+hot+summer+1958
119153,whisper+of+the+heart+1995
62691,pretty+baby+1978
192210,star+wars+episode+ii+-+attack+of+the+clones+2002
99187,mind+game+2004
55009,the+dresser+1983
238013,valentine+road+2013
179064,a+goofy+movie+1995
97723,gattaca+1997
12399,brother+bear+2003
146652,constantine+2005
100057,the+toy+1982
211101,nothing+like+the+holidays+2008
34964,p.s.+2004
83383,jonas+2012
258359,love+and+other+catastrophes+1996
75539,life+is+beautiful+1997
265080,indiana+jones+and+the+last+crusade+1989
147143,le+crocodile+du+botswanga+2014
168705,baby+mama+2008
49876,galaxy+quest+1999
75870,28+weeks+later+2007
43900,paperman+2012
147858,i+am+michael+2015
186659,viva+zapata+1952
251308,sophies+choice+1982
81394,blaise+pascal+1972
3639,the+gold+rush+1925
305805,family+tree+2010
17618,harry+potter+and+the+deathly+hallows+part+2+2011
216081,x-men+days+of+future+past+2014
8209,stonehearst+asylum+2014
125497,the+killing+fields+1984
128386,toy+story+3+2010
213808,star+wars+1977
220478,curse+of+the+golden+flower+2006
171113,the+avengers+2012
39618,spy+game+2001
119064,the+client+1994
221008,arranged+2007
249987,jim+jefferies+fully+functional+2012
308403,2001+a+space+odyssey+1968
255171,capote+2005
169380,stray+dog+1949
136890,harry+potter+and+the+philosophers+stone+2001
293776,cry+freedom+1987
283591,the+magician+1958
138833,the+private+life+of+sherlock+holmes+1970
48574,critters+1986
237165,notting+hill+1999
109174,drop+zone+1994
241260,remember+sunday+2013
86652,damn+yankees+1958
55102,wreck-it+ralph+2012
197994,dumbo+1941
302413,dont+move+2004
29864,the+longest+day+1962
248416,knocked+up+2007
122137,the+babymakers+2012
133896,the+poll+diaries+2010
109787,othello+1995
228164,the+godfather+part+ii+1974
286476,blink+1994
110680,golden+door+2006
142330,gun+crazy+1950
171719,nightcrawler+2014
169469,the+dresser+1983
101006,six+pack+1982
277795,never+say+never+again+1983
217496,p.s.+2004
146050,detachment+2011
10069,the+atomic+states+of+america+2012
14756,man+of+the+moment+1935
213036,white+irish+drinkers+2011
178469,bad+boys+1995
222898,the+great+race+1965
81722,suraj+ka+satvan+ghoda+1993
179270,the+war+2007
278346,the+river+1997
7949,the+monk+2011
302007,chronicle+2012
151104,101+dalmatians+1996
65152,ernest++celestine+2012
7439,frenzy+1972
260659,rollerball+1975
284450,the+lord+of+the+rings+the+return+of+the+king+2003
54607,light+it+up+1999
67717,mickey_+donald_+goofy+the+three+musketeers+2004
120168,long+weekend+1978
231820,a+woman+is+a+woman+1961
239162,chicken+run+2000
269247,blacksmith+scene+1893
108498,about+last+night...+1986
175819,seven+chances+1925
269059,rambo+first+blood+part+ii+1985
196392,the+lord+of+the+rings+the+fellowship+of+the+ring+2001
171955,the+perfect+score+2004
286074,the+last+of+the+mohicans+1992
306495,the+family+1987
11789,one+flew+over+the+cuckoos+nest+1975
297871,kids+in+america+2005
166148,airplane+1980
37087,the+last+of+the+mohicans+1992
170659,vanity+fair+2004
253844,les+cousins+1959
23691,sharpes+battle+1995
195071,rollerball+1975
98908,bedevilled+2010
204327,formosa+betrayed+2010
20108,the+dark+knight+2008
69532,first+blood+1982
181925,we+own+the+night+2007
169841,the+other+side+of+the+mountain+1975
87022,girl+on+a+bicycle+2013
152984,master+and+commander+the+far+side+of+the+world+2003
270080,when+the+game+stands+tall+2014
173930,enough+2002
244958,the+witches+of+eastwick+1987
253595,the+visitors+1993
258671,across+the+tracks+1991
44498,curdled+1996
105524,alien+1979
175422,the+chumscrubber+2005
247960,a+canterbury+tale+1944
31922,frenzy+1972
49182,my+man+godfrey+1957
40142,diana+vreeland+the+eye+has+to+travel+2012
65867,electric+dreams+1984
138544,the+flowers+of+war+2011
53643,eyewitness+1981
222207,gertrud+1964
306856,without+a+paddle+2004
181181,lady+for+a+day+1933
200705,interstellar+2014
196666,the+conspiracy+2012
116598,accepted+2006
130160,tea+and+sympathy+1956
84476,griffin+and+phoenix+1976
169543,ed+1996
258600,eyewitness+1981
48871,cry+freedom+1987
121333,intentions+of+murder+1964
188641,the+awful+truth+1937
57862,how+to+train+your+dragon+2010
193215,cry+freedom+1987
169840,lol+2012
61253,rust+and+bone+2012
254915,day+for+night+1973
134921,the+five+senses+1999
64257,the+longest+day+1962
223337,kikis+delivery+service+1989
268361,juno+2007
86597,my+man+godfrey+1936
107335,the+brother+from+another+planet+1984
284204,father+of+the+bride+1991
245112,rio+bravo+1959
286276,the+heart+is+a+lonely+hunter+1968
298294,the+shawshank+redemption+1994
196801,life+is+beautiful+1997
8707,family+plot+1976
300362,above+suspicion+1995
137204,pillow+talk+1959
219019,cry+freedom+1987
202350,the+shawshank+redemption+1994
290812,sleepers+1996
197289,the+curious+case+of+benjamin+button+2008
191991,g.i.+joe+retaliation+2013
185124,only+the+young+2012
71801,ed+1996
16665,man+of+the+year+2006
159196,criminal+law+1988
130419,blue+denim+1959
216430,the+proprietor+1996
151159,the+spanish+earth+1937
276195,the+thing+1982
45640,varsity+blues+1999
182905,bambi+1942
210965,my+boy+jack+2007
60360,mary+poppins+1964
287412,last+holiday+2006
224359,le+doulos+1963
144507,p.s.+2004
128632,this+happy+breed+1944
8718,modern+times+1936
21070,apocalypto+2006
12465,a+family+thing+1996
107999,sling+blade+1996
137411,the+sting+1973
140251,my+neighbor+totoro+1988
